url,score,keyword,pool,last_checked
http://builtin.com,46,"web design agency Atlanta","Local Hire Intent",2025-10-28T09:47:17+00:00
http://thomasdigital.com,97,"web design agency Atlanta","Local Hire Intent",2025-10-28T09:47:17+00:00
http://webstuffguy.com,59,"web design agency Atlanta","Local Hire Intent",2025-10-28T09:47:17+00:00
http://designrush.com,70,"web design agency Atlanta","Local Hire Intent",2025-10-28T09:47:17+00:00
http://bluelightlabs.com,40,"web design agency Atlanta","Local Hire Intent",2025-10-28T09:47:17+00:00
http://10bestdesign.com,48,"web design agency Atlanta","Local Hire Intent",2025-10-28T09:47:17+00:00
http://webdesignrankings.com,73,"web design agency Atlanta","Local Hire Intent",2025-10-28T09:47:17+00:00
http://digitalsilk.com,31,"web design agency Atlanta","Local Hire Intent",2025-10-28T09:47:17+00:00
http://m16marketing.com,91,"web design agency Atlanta","Local Hire Intent",2025-10-28T09:47:17+00:00
http://webdesksolution.com,77,"web design agency Atlanta","Local Hire Intent",2025-10-28T09:47:17+00:00
http://threebestrated.com,95,"web design agency Atlanta","Local Hire Intent",2025-10-28T09:47:17+00:00
http://duckduckgo.com,64,"web design agency Atlanta","Local Hire Intent",2025-10-28T09:47:17+00:00
http://aktivstudios.com,61,"web design agency Atlanta","Local Hire Intent",2025-10-28T09:47:17+00:00
http://airtightdesign.com,53,"web design agency Atlanta","Local Hire Intent",2025-10-28T09:47:17+00:00
http://clockworkwd.com,60,"web design agency Atlanta","Local Hire Intent",2025-10-28T09:47:17+00:00
http://newmedia.com,88,"web design agency Atlanta","Local Hire Intent",2025-10-28T09:47:17+00:00
http://expertise.com,68,"web design agency Atlanta","Local Hire Intent",2025-10-28T09:47:17+00:00
http://copify.com,69,"web design agency Atlanta","Local Hire Intent",2025-10-28T09:47:17+00:00
http://webfx.com,31,"web design agency Atlanta","Local Hire Intent",2025-10-28T09:47:17+00:00
http://atlantawebdesignshop.com,62,"web design agency Atlanta","Local Hire Intent",2025-10-28T09:47:17+00:00
http://clemsonwebdesign.com,81,"web design agency Atlanta","Local Hire Intent",2025-10-28T09:47:17+00:00
http://thecreativemomentum.com,52,"web design agency Atlanta","Local Hire Intent",2025-10-28T09:47:17+00:00
http://themanifest.com,71,"web design agency Atlanta","Local Hire Intent",2025-10-28T09:47:17+00:00
